{"cameraMode":{"drawMode":0,"name":"Shaded","section":"Shading Mode"},"sceneLighting":true,"audioPlay":false,"sceneViewState":{"showFog":false,"showMaterialUpdate":false,"showSkybox":false,"showFlares":false,"showImageEffects":false,"showParticleSystems":false},"in2DMode":false,"pivot":{"x":29.674699783325197,"y":10.372803688049317,"z":0.0},"rotation":{"x":-0.08121876418590546,"y":0.005080237984657288,"z":-0.00041023839730769396,"w":-0.9966869354248047},"size":53.28281021118164,"orthographic":false}